{
    "providers": [
        {
            "type": "bitmap",
            "file": "minecraft:font/admin.png",
            "ascent": 7,
            "height": 7,
            "chars": [
                    "\u03EC"
                ]
        },
        {
            "type": "bitmap",
            "file": "minecraft:font/player.png",
            "ascent": 7,
            "height": 7,
            "chars": [
                    "\u03CD"
                ]
        },
        {
            "type": "bitmap",
            "file": "minecraft:font/vip.png",
            "ascent": 7,
            "height": 7,
            "chars": [
                    "\u03F4"
                ]
        },
        {
            "type": "bitmap",
            "file": "minecraft:font/elite.png",
            "ascent": 7,
            "height": 7,
            "chars": [
                    "\u03F1"
                ]
        },
        {
            "type": "bitmap",
            "file": "minecraft:font/youtube.png",
            "ascent": 7,
            "height": 7,
            "chars": [
                    "\u03F0"
                ]
        },
        {
            "type": "bitmap",
            "file": "minecraft:font/logo.png",
            "ascent": 0,
            "height": 40,
            "chars": [
                    "\u03D8"
                ]
        }
    ]
}